Date, Signal(dBm), Noise(dBm), Channel, Security, Mode
"11/10/2023, 8:37:15 pm", -75, -86, 1, WPA2-Personal, g/n
"11/10/2023, 8:37:02 pm", -75, -86, 1, WPA2-Personal, g/n
"11/10/2023, 8:36:50 pm", -75, -86, 1, WPA2-Personal, g/n
"11/10/2023, 8:36:37 pm", -77, -78, 1, WPA2-Personal, g/n
"11/10/2023, 8:36:24 pm", -68, -77, 1, WPA2-Personal, g/n
"11/10/2023, 8:36:12 pm", -68, -77, 1, WPA2-Personal, g/n
"11/10/2023, 8:35:57 pm", -73, -80, 1, WPA2-Personal, g/n
"11/10/2023, 8:35:44 pm", -73, -80, 1, WPA2-Personal, g/n
"11/10/2023, 8:05:45 pm", -64, -80, 1, WPA2-Personal, g/n