Date, Signal(dBm), Noise(dBm), Channel, Security, Mode
"11/10/2023, 8:22:38 pm", -73, -79, 11, WPA2-Enterprise, g/n
"11/10/2023, 8:22:25 pm", -73, -79, 11, WPA2-Enterprise, g/n
"11/10/2023, 8:22:13 pm", -73, -79, 11, WPA2-Enterprise, g/n
"11/10/2023, 8:22:00 pm", -71, -82, 11, WPA2-Enterprise, g/n
"11/10/2023, 8:07:21 pm", -83, -84, 11, WPA2-Enterprise, g/n
"11/10/2023, 8:06:26 pm", -46, -82, 11, WPA2-Enterprise, g/n
"11/10/2023, 8:06:13 pm", -46, -82, 11, WPA2-Enterprise, g/n
"11/10/2023, 8:06:00 pm", -46, -82, 11, WPA2-Enterprise, g/n